mode,graph,graph_nr,layers,nodes,edges,source_nodes,sink_nodes,diameter,density,average_shortest_path_length,eccentricity_mean,eccentricity_var,eccentricity_std,degree_mean,degree_var,degree_std,closeness_mean,closeness_var,closeness_std,nodes_betweenness_mean,nodes_betweenness_var,nodes_betweenness_std,edge_betweenness_mean,edge_betweenness_var,edge_betweenness_std,test_acc,test_loss,time
RNN_TANH,barabasi_albert,0,3,10,9,1,5,4,0.1,2.488888888888889,3.4,0.4888888888888889,0.699205898780101,0.19999999999999998,0.015912208504801097,0.12614360271056593,0.4207992007992008,0.010556363494425436,0.1027441652573295,0.1861111111111111,0.07768347050754457,0.27871754610634863,0.27654320987654324,0.014211248285322359,0.11921094029208208,0.83776,18.675161212682724,264.67301683000096
RNN_TANH,watts_strogatz,0,3,10,10,3,3,6,0.1111111111111111,2.6222222222222222,4.6,0.7111111111111111,0.8432740427115678,0.2222222222222222,0.0054869684499314125,0.07407407407407407,0.38727272727272727,0.0021157024793388443,0.04599676596608553,0.20277777777777778,0.014026063100137173,0.11843168115051468,0.26222222222222225,0.0010754458161865569,0.032793990549894306,0.88784,13.107644408941269,293.2526288230001
