mode,graph,layers,nodes,edges,source_nodes,sink_nodes,diameter,density,eccentricity_mean,eccentricity_var,eccentricity_std,degree_mean,degree_var,degree_std,closeness_mean,closeness_var,closeness_std,nodes_betweenness_mean,nodes_betweenness_var,nodes_betweenness_std,edge_betweenness_mean,edge_betweenness_var,edge_betweenness_std,test_acc,test_loss,time
RNN_TANH,barabasi_albert,4,10,25,5,3,2,0.2777777777777778,1.9,0.1,0.31622776601683794,0.5555555555555556,0.04938271604938272,0.22222222222222224,0.7105494505494505,0.017651169343477036,0.1328577033652059,0.055555555555555546,0.006658426688004876,0.0815991831331961,0.057777777777777775,0.0002206218564243256,0.014853344957427118,0.96912,20.407799343578517,594.4671728769999
RNN_TANH,watts_strogatz,7,10,20,2,1,3,0.2222222222222222,2.4,0.26666666666666666,0.5163977794943222,0.4444444444444444,0.024691358024691357,0.15713484026367722,0.626993374272786,0.007366300651395261,0.085827155675784,0.07777777777777777,0.006399915218716657,0.07999947011522424,0.0811111111111111,0.0004765359901812143,0.021829704308148894,0.87696,62.41534358263016,1286.278724921
