mode,graph,layers,nodes,edges,diameter,density,eccentricity_mean,eccentricity_var,eccentricity_std,degree_mean,degree_var,degree_std,closeness_mean,closeness_var,closeness_std,nodes_betweenness_mean,nodes_betweenness_var,nodes_betweenness_std,edge_betweenness_mean,edge_betweenness_var,edge_betweenness_std,test_acc,test_loss,time
RNN_TANH,barabasi_albert,7,10,21,3,0.23333333333333334,2.2,0.17777777777777776,0.4216370213557839,0.4666666666666666,0.059807956104252394,0.2445566521365804,0.6616396103896104,0.015243178831449938,0.12346326915909014,0.06944444444444445,0.013606681527206217,0.1166476811908673,0.07407407407407407,0.0012812071330589852,0.03579395386177651,0.9216,46.879384718835354,1008.8533777459998
RNN_TANH,watts_strogatz,6,10,10,6,0.1111111111111111,4.6,0.9333333333333333,0.9660917830792959,0.2222222222222222,0.008230452674897118,0.09072184232530289,0.3983172350940046,0.005443288083292992,0.07377864246035565,0.19999999999999998,0.026628943758573383,0.1631837729634089,0.26,0.003270233196159123,0.05718595278701862,0.89856,63.473596937954426,570.6126855539987
